rewire_id,text,label
sexism2022_english-14578,"I’ve stopped texting women all together, I just call them now. Saves me the headache. Edit: grammar",0
sexism2022_english-6625,"These fuck sponges really believe this shit don't they? To them women are just holes that fuck everyone, and yet somehow they can't get laid. What happened to these fuckers to make them this twisted, to make them hate women with such a passion.",0
sexism2022_english-6530,Piss off fakecel.,0
sexism2022_english-4550,"The difference is that there is *never* a reason to use force to “discipline” your partner. They’re a grown adult, not a child",0
sexism2022_english-2334,"[URL] Hu'tegh SoHvaD pagh maQam! 'oH wIghaj, liberal toDSaH! vaj fuck! Aaaargh, we can't stand you anymore! We've had it with you, #liberal idiots! So, fuck off!) #Discovery #StarTrek #Klingon #warriors #racist #Trump #supporters",0
sexism2022_english-5741,12 years is an absolute joke - even hanging is too good for this evil p.o.s.,0
sexism2022_english-6443,Okay retard Andy over here going into subreddits to comment that they dont like something. Yet I'm a joke. Okay bud. Whatever you say.,0
sexism2022_english-8423,If there's ANY amnesty for DACA mud people....I can guarantee you that I'm going to be anti-Trump. He CANNOT cuck on immigration or the Wall.,0
sexism2022_english-12195,The Donald calls out Billary as a lying sack of fetid feces. [URL],0
sexism2022_english-15826,You need to do five dried grams of shrooms and smoke as much Afghani has as your lungs can handle. Beat the Jews on the ballot box dude. Not sure it this helps :),0
sexism2022_english-11507,"This is another reason why women seem to get over you quicker. They already finished the relationship 6 months ago and were just preparing the escape pod while still smiling, laughing and fucking you.",1
sexism2022_english-18419,"if you burn in fire, a women will just walk away and laugh about it.",1
sexism2022_english-10965,"Except for procreation, women aren't necessarily for the society to be functional... a year without men will return it to stone age.",1
sexism2022_english-10414,Janis #Joplin: the Psychedelic Tranny [URL] #Transgenderagenda #Transgender #transpocalypse,1
sexism2022_english-4169,I suggest you stop. This redditor is always spouting anti-women rhetoric. He always gets downvoted. He always bitches. Leave him to stew in his own hatred.,1
sexism2022_english-7291,Bet she'd be hot if she lost all the fat.,1
sexism2022_english-14617,"All of those SJW purple haired foids over IT have 5'2"" balding curry janitor bfs and that's a fact.",1
sexism2022_english-18041,"there are men in ME and Africa who get killed in wars. If you care about men rights, why don't you fight for their rights instead of sitting on your first world ass and bitching about how that on woman was too rude to you hence you hate all women",1
sexism2022_english-267,she gets medical cannibis cause her pussy smells like a dead goat sanz thats why i tell the lot of yous [URL],1
sexism2022_english-694,"A bipolar borderline bitch? Yep, been there, its my deepest scar. Cunts be cunts...expect bad behavior or wise up and go alone and let some other guy get a knot in their stomach at night while trying to sleep wondering where shes at",1
